{
  "regression": {
    "overall": {
      "enhanced": {
        "rmse": 114.14742792227842,
        "mae": 19.563335638919266,
        "n": 8767,
        "recall": 0.5175438596491229,
        "precision": 0.3532934131736527,
        "f1": 0.4199288256227758,
        "tp": 59,
        "fp": 108,
        "fn": 55,
        "tn": 8545
      },
      "dam": {
        "rmse": 112.85431506262256,
        "mae": 17.514357248773813,
        "n": 8767,
        "recall": 0.2894736842105263,
        "precision": 0.4852941176470588,
        "f1": 0.3626373626373626,
        "tp": 33,
        "fp": 35,
        "fn": 81,
        "tn": 8618
      }
    },
    "stress_hours": {
      "enhanced": {
        "rmse": 600.4718733664263,
        "mae": 265.36274669971596,
        "n": 294
      },
      "dam": {
        "rmse": 607.1077741698609,
        "mae": 273.0901700680272,
        "n": 294
      }
    },
    "normal_hours": {
      "enhanced": {
        "rmse": 31.155167070211185,
        "mae": 11.034476102524337,
        "n": 8473
      },
      "dam": {
        "rmse": 19.7197455293839,
        "mae": 8.646271686533696,
        "n": 8473
      }
    },
    "stress_threshold": 100.0,
    "spike_threshold": 200.0
  },
  "spike_detection": {
    "calibrated_threshold": 0.3,
    "dam_threshold": 150.0,
    "calibrated": {
      "recall": 0.34625850340136055,
      "precision": 0.24215033301617508,
      "f1": 0.2849944008958567,
      "tp": 509,
      "fp": 1593,
      "fn": 961,
      "tn": 5704
    },
    "dam_naive": {
      "recall": 0.03197278911564626,
      "precision": 0.49473684210526314,
      "f1": 0.060063897763578275,
      "tp": 47,
      "fp": 48,
      "fn": 1423,
      "tn": 7249
    }
  }
}