{
  "gdelt_tone": {
    "min_p_value": 0.30772769616753837,
    "best_lag_days": 7,
    "all_lags": {
      "1": 0.9989316915328936,
      "2": 0.601170928191699,
      "3": 0.49463743348281974,
      "4": 0.5575108935753712,
      "5": 0.8271920266113718,
      "6": 0.39314544895774917,
      "7": 0.30772769616753837
    },
    "significant_at_0.05": false,
    "significant_at_0.01": false,
    "significant_at_0.001": false,
    "n_obs": 2263
  },
  "gdelt_article_volume": {
    "min_p_value": 0.20562757048135885,
    "best_lag_days": 1,
    "all_lags": {
      "1": 0.20562757048135885,
      "2": 0.2735878522836437,
      "3": 0.43174093710913264,
      "4": 0.5935341187976533,
      "5": 0.7365123909264654,
      "6": 0.6896680035203889,
      "7": 0.8049597867157434
    },
    "significant_at_0.05": false,
    "significant_at_0.01": false,
    "significant_at_0.001": false,
    "n_obs": 994
  },
  "gdelt_tone_change_1d": {
    "min_p_value": 0.23533184322001297,
    "best_lag_days": 6,
    "all_lags": {
      "1": 0.8404839017097998,
      "2": 0.6572522635374336,
      "3": 0.6541148955060238,
      "4": 0.8174434056509079,
      "5": 0.2942442850697117,
      "6": 0.23533184322001297,
      "7": 0.3473349691289882
    },
    "significant_at_0.05": false,
    "significant_at_0.01": false,
    "significant_at_0.001": false,
    "n_obs": 2243
  },
  "gdelt_tone_change_3d": {
    "min_p_value": 0.3368220619279219,
    "best_lag_days": 4,
    "all_lags": {
      "1": 0.38932620637227977,
      "2": 0.611083665965331,
      "3": 0.41182086825608644,
      "4": 0.3368220619279219,
      "5": 0.3558153856729296,
      "6": 0.42333636534332303,
      "7": 0.4157191404427163
    },
    "significant_at_0.05": false,
    "significant_at_0.01": false,
    "significant_at_0.001": false,
    "n_obs": 2206
  },
  "gdelt_volume_change_1d": {
    "min_p_value": 0.4909446440551699,
    "best_lag_days": 1,
    "all_lags": {
      "1": 0.4909446440551699,
      "2": 0.7059631582701958,
      "3": 0.8618920399796274,
      "4": 0.6583989021621042,
      "5": 0.49469120196145844,
      "6": 0.6405041556480895,
      "7": 0.7541909090526823
    },
    "significant_at_0.05": false,
    "significant_at_0.01": false,
    "significant_at_0.001": false,
    "n_obs": 971
  },
  "gdelt_volume_change_3d": {
    "min_p_value": 0.28715679351592294,
    "best_lag_days": 2,
    "all_lags": {
      "1": 0.627247096120275,
      "2": 0.28715679351592294,
      "3": 0.35482184174971326,
      "4": 0.5204653909217487,
      "5": 0.5918575596311687,
      "6": 0.41143246930183286,
      "7": 0.5309064765642824
    },
    "significant_at_0.05": false,
    "significant_at_0.01": false,
    "significant_at_0.001": false,
    "n_obs": 927
  },
  "gdelt_volume_zscore_30d": {
    "min_p_value": 0.7430155905666513,
    "best_lag_days": 2,
    "all_lags": {
      "1": 0.9861960663626421,
      "2": 0.7430155905666513,
      "3": 0.8547525605493698,
      "4": 0.9034254673160279,
      "5": 0.9587730442858927,
      "6": 0.9428208702915419,
      "7": 0.9669864568230857
    },
    "significant_at_0.05": false,
    "significant_at_0.01": false,
    "significant_at_0.001": false,
    "n_obs": 771
  },
  "gdelt_tone_zscore_30d": {
    "min_p_value": 0.14875161097767395,
    "best_lag_days": 3,
    "all_lags": {
      "1": 0.49087207380097597,
      "2": 0.1824040263485434,
      "3": 0.14875161097767395,
      "4": 0.2055889863865757,
      "5": 0.4359338998507579,
      "6": 0.37660970093694235,
      "7": 0.36350597577140165
    },
    "significant_at_0.05": false,
    "significant_at_0.01": false,
    "significant_at_0.001": false,
    "n_obs": 2083
  }
}